{"cameraMode":{"drawMode":0,"name":"Shaded","section":"Shading Mode"},"sceneLighting":true,"audioPlay":false,"sceneViewState":{"showFog":true,"showMaterialUpdate":false,"showSkybox":true,"showFlares":true,"showImageEffects":true,"showParticleSystems":false},"in2DMode":false,"pivot":{"x":3.155998945236206,"y":9.978545188903809,"z":12.43239974975586},"rotation":{"x":-0.019784318283200265,"y":0.05006696656346321,"z":-0.0009957827860489488,"w":-0.9985769391059876},"size":18.145036697387697,"orthographic":false}