{"cameraMode":{"drawMode":0,"name":"Shaded","section":"Shading Mode"},"sceneLighting":true,"audioPlay":false,"sceneViewState":{"showFog":true,"showMaterialUpdate":false,"showSkybox":true,"showFlares":true,"showImageEffects":true,"showParticleSystems":false},"in2DMode":false,"pivot":{"x":-24.372207641601564,"y":4.883517265319824,"z":12.122428894042969},"rotation":{"x":-0.004096474498510361,"y":0.5236296653747559,"z":-0.002521352143958211,"w":-0.8519638180732727},"size":24.01294708251953,"orthographic":false}