{"cameraMode":{"drawMode":0,"name":"Shaded","section":"Shading Mode"},"sceneLighting":true,"audioPlay":false,"sceneViewState":{"showFog":true,"showMaterialUpdate":false,"showSkybox":true,"showFlares":true,"showImageEffects":true,"showParticleSystems":false},"in2DMode":false,"pivot":{"x":-1.4699782133102418,"y":97.92304992675781,"z":15.471273422241211},"rotation":{"x":-0.019784318283200265,"y":0.05006696656346321,"z":-0.0009957827860489488,"w":-0.9985769391059876},"size":16.453296661376954,"orthographic":false}